neighbourhood_id,neighbourhood_name,baseline_temperature_feature,baseline_temperature_value,baseline_score,baseline_rank,baseline_priority,baseline_selected,baseline_status,status_reason,run_timestamp,baseline_version,dataset_fingerprint
NH-021,Chennai Central Zone 9,latest_temperature_c,40.39911475060082,40.39911475060082,1,HIGH,True,RANKED,,2026-09-05T18:14:31.558291,4.0.0,6345358fa1cf6645
NH-036,Chennai South Zone 9,latest_temperature_c,40.27792577238318,40.27792577238318,2,HIGH,True,RANKED,,2026-09-05T18:14:31.558291,4.0.0,6345358fa1cf6645
NH-020,Chennai East Zone 9,latest_temperature_c,40.03311753900236,40.03311753900236,3,HIGH,True,RANKED,,2026-09-05T18:14:31.558291,4.0.0,6345358fa1cf6645
NH-009,Chennai Central Zone 6,latest_temperature_c,39.84883360894037,39.84883360894037,4,HIGH,True,RANKED,,2026-09-05T18:14:31.558291,4.0.0,6345358fa1cf6645
NH-018,Chennai North Zone 2,latest_temperature_c,39.56073651940194,39.56073651940194,5,HIGH,True,RANKED,,2026-09-05T18:14:31.558291,4.0.0,6345358fa1cf6645
NH-015,Chennai West Zone 1,latest_temperature_c,39.51936131754548,39.51936131754548,6,HIGH,True,RANKED,,2026-09-05T18:14:31.558291,4.0.0,6345358fa1cf6645
NH-019,Chennai West Zone 7,latest_temperature_c,39.38473968780522,39.38473968780522,7,HIGH,True,RANKED,,2026-09-05T18:14:31.558291,4.0.0,6345358fa1cf6645
NH-013,Chennai Central Zone 1,latest_temperature_c,39.27521671422854,39.27521671422854,8,HIGH,True,RANKED,,2026-09-05T18:14:31.558291,4.0.0,6345358fa1cf6645
NH-002,Chennai South Zone 9,latest_temperature_c,39.05689853979143,39.05689853979143,9,HIGH,True,RANKED,,2026-09-05T18:14:31.558291,4.0.0,6345358fa1cf6645
NH-011,Chennai Central Zone 1,latest_temperature_c,38.92072912577945,38.92072912577945,10,HIGH,True,RANKED,,2026-09-05T18:14:31.558291,4.0.0,6345358fa1cf6645
NH-023,Chennai West Zone 5,latest_temperature_c,38.90221147206261,38.90221147206261,11,MEDIUM,False,RANKED,,2026-09-05T18:14:31.558291,4.0.0,6345358fa1cf6645
NH-014,Chennai North Zone 5,latest_temperature_c,38.661060252224985,38.661060252224985,12,MEDIUM,False,RANKED,,2026-09-05T18:14:31.558291,4.0.0,6345358fa1cf6645
NH-027,Chennai Central Zone 9,latest_temperature_c,38.56916239546288,38.56916239546288,13,MEDIUM,False,RANKED,,2026-09-05T18:14:31.558291,4.0.0,6345358fa1cf6645
NH-005,Chennai Central Zone 7,latest_temperature_c,38.42501967902946,38.42501967902946,14,MEDIUM,False,RANKED,,2026-09-05T18:14:31.558291,4.0.0,6345358fa1cf6645
NH-026,Chennai East Zone 5,latest_temperature_c,38.246026476466135,38.246026476466135,15,MEDIUM,False,RANKED,,2026-09-05T18:14:31.558291,4.0.0,6345358fa1cf6645
NH-037,Chennai East Zone 4,latest_temperature_c,38.24196935276944,38.24196935276944,16,MEDIUM,False,RANKED,,2026-09-05T18:14:31.558291,4.0.0,6345358fa1cf6645
NH-028,Chennai Central Zone 1,latest_temperature_c,38.13368538727516,38.13368538727516,17,MEDIUM,False,RANKED,,2026-09-05T18:14:31.558291,4.0.0,6345358fa1cf6645
NH-022,Chennai North Zone 2,latest_temperature_c,37.942230946011136,37.942230946011136,18,MEDIUM,False,RANKED,,2026-09-05T18:14:31.558291,4.0.0,6345358fa1cf6645
NH-004,Chennai Central Zone 3,latest_temperature_c,37.77196295427448,37.77196295427448,19,MEDIUM,False,RANKED,,2026-09-05T18:14:31.558291,4.0.0,6345358fa1cf6645
NH-017,Chennai South Zone 4,latest_temperature_c,37.5183705413354,37.5183705413354,20,MEDIUM,False,RANKED,,2026-09-05T18:14:31.558291,4.0.0,6345358fa1cf6645
NH-024,Chennai North Zone 2,latest_temperature_c,37.40567042740594,37.40567042740594,21,MEDIUM,False,RANKED,,2026-09-05T18:14:31.558291,4.0.0,6345358fa1cf6645
NH-025,Chennai North Zone 8,latest_temperature_c,37.40051094345601,37.40051094345601,22,MEDIUM,False,RANKED,,2026-09-05T18:14:31.558291,4.0.0,6345358fa1cf6645
NH-016,Chennai East Zone 5,latest_temperature_c,37.19925666536025,37.19925666536025,23,MEDIUM,False,RANKED,,2026-09-05T18:14:31.558291,4.0.0,6345358fa1cf6645
NH-034,Chennai East Zone 1,latest_temperature_c,36.96768959027374,36.96768959027374,24,MEDIUM,False,RANKED,,2026-09-05T18:14:31.558291,4.0.0,6345358fa1cf6645
NH-029,Chennai North Zone 3,latest_temperature_c,36.81533533546232,36.81533533546232,25,LOW,False,RANKED,,2026-09-05T18:14:31.558291,4.0.0,6345358fa1cf6645
NH-033,Chennai East Zone 8,latest_temperature_c,36.63640331211826,36.63640331211826,26,LOW,False,RANKED,,2026-09-05T18:14:31.558291,4.0.0,6345358fa1cf6645
NH-030,Chennai South Zone 8,latest_temperature_c,36.159489308200975,36.159489308200975,27,LOW,False,RANKED,,2026-09-05T18:14:31.558291,4.0.0,6345358fa1cf6645
NH-038,Chennai North Zone 8,latest_temperature_c,36.13402537583616,36.13402537583616,28,LOW,False,RANKED,,2026-09-05T18:14:31.558291,4.0.0,6345358fa1cf6645
NH-039,Chennai South Zone 8,latest_temperature_c,35.814865599706565,35.814865599706565,29,LOW,False,RANKED,,2026-09-05T18:14:31.558291,4.0.0,6345358fa1cf6645
NH-007,Chennai North Zone 6,latest_temperature_c,35.65499159331851,35.65499159331851,30,LOW,False,RANKED,,2026-09-05T18:14:31.558291,4.0.0,6345358fa1cf6645
NH-003,Chennai North Zone 7,latest_temperature_c,35.60839475029396,35.60839475029396,31,LOW,False,RANKED,,2026-09-05T18:14:31.558291,4.0.0,6345358fa1cf6645
NH-012,Chennai South Zone 3,latest_temperature_c,35.42964449452676,35.42964449452676,32,LOW,False,RANKED,,2026-09-05T18:14:31.558291,4.0.0,6345358fa1cf6645
NH-035,Chennai East Zone 1,latest_temperature_c,35.22063296394822,35.22063296394822,33,LOW,False,RANKED,,2026-09-05T18:14:31.558291,4.0.0,6345358fa1cf6645
NH-008,Chennai South Zone 1,latest_temperature_c,35.063871696344904,35.063871696344904,34,LOW,False,RANKED,,2026-09-05T18:14:31.558291,4.0.0,6345358fa1cf6645
NH-031,Chennai North Zone 2,latest_temperature_c,34.696007353907305,34.696007353907305,35,LOW,False,RANKED,,2026-09-05T18:14:31.558291,4.0.0,6345358fa1cf6645
NH-032,Chennai North Zone 1,latest_temperature_c,34.69371234233056,34.69371234233056,36,LOW,False,RANKED,,2026-09-05T18:14:31.558291,4.0.0,6345358fa1cf6645
NH-000,Chennai North Zone 9,latest_temperature_c,34.675889859541435,34.675889859541435,37,LOW,False,RANKED,,2026-09-05T18:14:31.558291,4.0.0,6345358fa1cf6645
NH-001,Chennai East Zone 4,latest_temperature_c,34.66772475759384,34.66772475759384,38,LOW,False,RANKED,,2026-09-05T18:14:31.558291,4.0.0,6345358fa1cf6645
NH-010,Chennai Central Zone 8,latest_temperature_c,33.82400524968069,33.82400524968069,39,LOW,False,RANKED,,2026-09-05T18:14:31.558291,4.0.0,6345358fa1cf6645
NH-006,Chennai North Zone 4,latest_temperature_c,33.38618635014393,33.38618635014393,40,LOW,False,RANKED,,2026-09-05T18:14:31.558291,4.0.0,6345358fa1cf6645
