neighbourhood_id,built_density,green_cover_percent,impervious_surface_percent,urban_heat_exposure_score
NH-000,0.7757960621774133,10.447224098317943,79.1397926221657,0.6887149813160358
NH-001,0.48989402154789174,43.683360979336996,53.55010199695953,0.40661493196307436
NH-002,0.8415766926285067,12.375037666993894,88.06827533858306,0.7541599434464102
NH-003,0.6507998860529018,23.18498808143285,74.73254167793156,0.6154785702625472
NH-004,0.5921429381898322,38.87750385120855,62.922476340965886,0.4980129881715148
NH-005,0.6305709492570568,18.791575595772457,65.55001721719444,0.5621491090135516
NH-006,0.44815785565226207,46.642058662248665,52.99593322445114,0.382209543062824
NH-007,0.3962565044697099,40.41953985205017,42.29346058972384,0.3437049706208651
NH-008,0.648253544648593,33.368850134052536,73.17837942075167,0.5488117461023191
NH-009,0.6519411829879177,20.890193714306584,67.47961851676476,0.5507139771276917
NH-010,0.40505866416149894,41.52304981330852,46.570157012745796,0.26516051585347
NH-011,0.3608885990882601,56.55682402998532,38.74088358564327,0.19013632613465556
NH-012,0.48171422216789306,34.15869733788551,55.64860995576344,0.4562826435957391
NH-013,0.9435350025677711,2.8448194384924075,99.0,0.9469703501612039
NH-014,0.8763011468179289,11.817549880733013,93.41876363686848,0.820220390616048
NH-015,0.567380038286841,29.271751955972018,58.12153475286211,0.44163544451124986
NH-016,0.41886289811974975,39.42143024123082,48.26899575040848,0.33591276708047296
NH-017,0.6077566510073676,35.76029750106293,65.1141815931165,0.4969046328126984
NH-018,0.5978643788194857,29.301226331732728,69.20108596971383,0.5264431180734774
NH-019,0.5264187928945783,28.625157673428024,53.03374255621429,0.4312634968234201
NH-020,0.8866593893417183,1.2290136168710275,96.93051359524925,0.8593696683043042
NH-021,0.8078424328062817,16.946464679022874,90.0935343375011,0.8108807805695176
NH-022,0.35514451415537474,44.75275701443901,39.25715937309867,0.23740683823345415
NH-023,0.37639206040511813,49.37658791716692,45.09965483316605,0.27880176229343845
NH-024,0.40804003074101436,54.859814794168734,43.74894254249573,0.31401947866092095
NH-025,0.5946065504387401,39.89302593393298,62.25829011556346,0.46777802996704365
NH-026,0.3977709792172933,48.34028777122796,43.586006488039544,0.3252000920285813
NH-027,0.4332794635292412,51.64320485683991,46.075264323183205,0.26673393938763934
NH-028,0.8100343715638012,6.209335704135032,89.05388383157374,0.8329198198634532
NH-029,0.6198755905016997,32.84755318385086,66.57891661255259,0.5757140596780552
NH-030,0.6912580071016241,26.39721797171118,77.34370707860691,0.6103204407323448
NH-031,0.4799704712956824,35.878927274570536,55.47964403340482,0.37271913189338657
NH-032,0.4750081001170976,44.95350672619779,47.70152198948702,0.3256575343962213
NH-033,0.8847708081442578,1.0,90.92061236907233,0.8528926233333123
NH-034,0.6743989715736789,14.212190580921478,67.49289722134394,0.662041219223965
NH-035,0.4003357649282315,50.34362147008049,45.35947081833901,0.235757255009473
NH-036,0.9064097436149705,1.0,92.69099246202941,0.858891700151983
NH-037,0.585437690570642,33.91734235443765,63.17056691376026,0.47378687329346325
NH-038,0.8810301789831223,1.0,89.61976669563974,0.827166363053675
NH-039,0.7680237487549483,10.374672466799225,83.74185932016583,0.7421277385924994
