neighbourhood_id,neighbourhood_name,district,latitude,longitude,observation_date,temperature_c,heat_index,humidity_percent,built_density,green_cover_percent,impervious_surface_percent,urban_heat_exposure_score,healthcare_distance_km,healthcare_capacity,transport_access_score,estimated_people_reachable,travel_time_minutes,service_time_minutes,vulnerability_index,elderly_population_percent,low_income_indicator,total_population,mobile_population,mobile_population_percent,group_mobile,group_low_service_access,data_source,generated_at,dataset_version,synthetic_data
NH-000,Chennai North Zone 9,Chennai,13.012362035654208,80.29014286128198,2026-09-05,34.675889859541435,39.274418296866244,47.47374841188251,0.7757960621774133,10.447224098317943,79.1397926221657,0.6887149813160358,4.2459918836018975,1455.0,0.26364247048639056,1109,29.017300020546127,16.084844859190753,0.6873459299775786,0.1916145155592091,True,64100,6236,0.09728549141965678,True,True,synthetic_generator,2026-09-05T18:14:30.458276,1.0.0,True
NH-001,Chennai East Zone 4,Chennai,13.083555868416713,80.12789877213041,2026-09-05,34.66772475759384,38.210428072834674,44.461527961560705,0.48989402154789174,43.683360979336996,53.55010199695953,0.40661493196307436,0.7927321684337578,4769.0,0.9690688297671034,2617,10.372086669453404,16.092275383467413,0.5400891354682869,0.05929008254399955,True,63317,1604,0.02533284899789946,False,False,synthetic_generator,2026-09-05T18:14:30.458276,1.0.0,True
NH-002,Chennai South Zone 9,Chennai,13.104979055647638,80.22199933155652,2026-09-05,39.05689853979143,42.33236616326516,87.67032146096095,0.8415766926285067,12.375037666993894,88.06827533858306,0.7541599434464102,2.5238936001639454,2278.0,0.9339929792144148,1788,30.975039360024528,16.530815376116706,,0.1635400655639983,True,28714,2463,0.08577697290520303,True,False,synthetic_generator,2026-09-05T18:14:30.458276,1.0.0,True
NH-003,Chennai North Zone 7,Chennai,13.153360154603444,80.24946402202747,2026-09-05,35.60839475029396,38.497215267406204,69.06462153011667,0.6507998860529018,23.18498808143285,74.73254167793156,0.6154785702625472,1.8206967862311716,563.0,0.27895816367992465,452,22.054864003964585,25.80351081062411,0.19093485883775152,0.05312728134823879,False,24874,1132,0.04550936721074214,False,True,synthetic_generator,2026-09-05T18:14:30.458276,1.0.0,True
NH-004,Chennai Central Zone 3,Chennai,13.174487902663135,80.27000771555795,2026-09-05,37.77196295427448,41.54585631739766,31.885751141204054,0.5921429381898322,38.87750385120855,62.922476340965886,0.4980129881715148,4.320112209197378,,0.31238642777406017,3204,32.66299992148579,10.808671790768628,0.7010827452898384,0.16224868516954022,True,34724,3383,0.09742541181891487,True,True,synthetic_generator,2026-09-05T18:14:30.458276,1.0.0,True
NH-005,Chennai Central Zone 7,Chennai,13.090923123379135,80.16287119621526,2026-09-05,38.42501967902946,41.11141417550433,83.7654779954096,0.6305709492570568,18.791575595772457,65.55001721719444,0.5621491090135516,4.136541708039877,3350.0,0.884314531168946,3170,53.926939197001566,13.731401177720716,0.24814483861630812,0.10795029058275361,False,16928,1585,0.09363185255198488,True,False,synthetic_generator,2026-09-05T18:14:30.458276,1.0.0,True
NH-006,Chennai North Zone 4,Chennai,12.99540104249156,80.12201038490554,2026-09-05,33.38618635014393,36.91842825787663,44.812563770316075,0.44815785565226207,46.642058662248665,52.99593322445114,0.382209543062824,4.743093667606336,1954.0,0.5669115595690295,1926,57.06031605946085,17.27259204758588,,0.09442156209414605,True,47566,1920,0.040364966572762055,False,False,synthetic_generator,2026-09-05T18:14:30.458276,1.0.0,True
NH-007,Chennai North Zone 6,Chennai,13.108891281851935,80.24245411798489,2026-09-05,35.65499159331851,37.75414379202016,52.06698796315519,0.3962565044697099,40.41953985205017,42.29346058972384,0.3437049706208651,2.5150242405789123,2988.0,0.6334270514914542,1855,14.608601959476724,17.393089121228087,0.7898816281914988,0.17687026894027275,True,41056,2372,0.057774746687451285,True,False,synthetic_generator,2026-09-05T18:14:30.458276,1.0.0,True
NH-008,Chennai South Zone 1,Chennai,13.089691749178073,80.22670594215218,2026-09-05,35.063871696344904,37.186197121009194,70.54140702235685,0.648253544648593,33.368850134052536,73.17837942075167,0.5488117461023191,1.5192309883907207,3403.0,0.2569297861044923,3295,18.093095169692187,17.734706926010748,0.3743433105224842,0.18551287236845648,False,63180,3543,0.05607787274453941,True,True,synthetic_generator,2026-09-05T18:14:30.458276,1.0.0,True
NH-009,Chennai Central Zone 6,Chennai,13.120564835772232,80.14181432414753,2026-09-05,39.84883360894037,43.39874128275341,76.79253275145743,0.6519411829879177,20.890193714306584,67.47961851676476,0.5507139771276917,4.471863544352029,1349.0,0.3509842173329637,1252,53.67836420032748,26.933222844766117,0.9915853501609285,0.24925073995158487,,33474,2016,0.060225846925972396,True,True,synthetic_generator,2026-09-05T18:14:30.458276,1.0.0,True
NH-010,Chennai Central Zone 8,Chennai,13.092609493846286,80.116827992999,2026-09-05,33.82400524968069,37.81451055700486,80.95340462965068,0.40505866416149894,41.52304981330852,46.570157012745796,0.26516051585347,3.4338256677617025,1509.0,0.7409612992127823,1317,25.315848401804054,16.507993963185356,0.5740699784403167,0.08216161028349973,True,10455,755,0.07221425155428025,True,False,synthetic_generator,2026-09-05T18:14:30.458276,1.0.0,True
NH-011,Chennai Central Zone 1,Chennai,13.097283867690102,80.21366172066709,2026-09-05,38.92072912577945,42.10002229977973,32.616226305266025,0.3608885990882601,56.55682402998532,38.74088358564327,0.19013632613465556,3.096067480818616,2716.0,0.27571868901824004,1391,37.84794240919078,15.615447248817116,0.5114177111072349,0.17622772519945257,False,90284,4987,0.05523680829382836,True,True,synthetic_generator,2026-09-05T18:14:30.458276,1.0.0,True
NH-012,Chennai South Zone 3,Chennai,13.198365153239202,80.19398890279818,2026-09-05,35.42964449452676,39.08793939503323,64.2036702053619,0.48171422216789306,34.15869733788551,55.64860995576344,0.4562826435957391,1.3590996401765572,1708.0,0.5367518868486841,1574,11.860684070543295,17.893829336189444,0.5072018846876439,0.24606631674320917,False,61506,2307,0.0375085357526095,False,False,synthetic_generator,2026-09-05T18:14:30.458276,1.0.0,True
NH-013,Chennai Central Zone 1,Chennai,12.92915294813123,80.22300144533983,2026-09-05,39.27521671422854,43.36626393721434,34.256455019995656,0.9435350025677711,2.8448194384924075,99.0,0.9469703501612039,4.145510276056314,4401.0,0.9219164973008241,3957,41.92530307089461,20.030325893743992,0.30251482934080076,0.12189823024395104,False,73223,6065,0.08282916569930213,True,False,synthetic_generator,2026-09-05T18:14:30.458276,1.0.0,True
NH-014,Chennai North Zone 5,Chennai,13.019035148164166,80.11015370620787,2026-09-05,38.661060252224985,41.64551825464918,57.435909696823714,0.8763011468179289,11.817549880733013,93.41876363686848,0.820220390616048,1.6261311223213881,674.0,0.3729389632059006,615,16.864320112770866,16.53302483592082,0.960523055738085,0.24636817766210622,True,23953,2094,0.08742119984970567,True,True,synthetic_generator,2026-09-05T18:14:30.458276,1.0.0,True
NH-015,Chennai West Zone 1,Chennai,13.152606922503594,80.13887600679897,2026-09-05,39.51936131754548,43.663146630085336,56.541133783866265,0.567380038286841,29.271751955972018,58.12153475286211,0.44163544451124986,1.6288723730599755,1329.0,0.1727856699554779,703,15.121058017416185,23.76999801530733,0.34623250809406625,0.12976418028895892,False,13696,1054,0.07695677570093458,True,True,synthetic_generator,2026-09-05T18:14:30.458276,1.0.0,True
NH-016,Chennai East Zone 5,Chennai,12.971936207747222,80.11877465801625,2026-09-05,37.19925666536025,40.506275361393925,58.45042974523951,0.41886289811974975,39.42143024123082,48.26899575040848,0.33591276708047296,1.0407409151253897,2038.0,0.1826191592320977,2017,6.183634876987667,16.228266187825884,0.5322938931754748,0.05954322553832976,True,75703,1837,0.024265881140773812,False,True,synthetic_generator,2026-09-05T18:14:30.458276,1.0.0,True
NH-017,Chennai South Zone 4,Chennai,12.9293502481953,80.19832317502336,2026-09-05,37.5183705413354,41.42365149393833,64.52845067255274,0.6077566510073676,35.76029750106293,65.1141815931165,0.4969046328126984,4.35420428534745,3464.0,0.24664098437328674,1777,24.843728850162783,22.84838556412631,0.3750170289934358,0.12492252292529425,False,14077,778,0.05526745755487675,True,True,synthetic_generator,2026-09-05T18:14:30.458276,1.0.0,True
NH-018,Chennai North Zone 2,Chennai,13.016450977861956,80.22865764368846,2026-09-05,39.56073651940194,44.276788445270135,45.641671694154184,0.5978643788194857,29.301226331732728,69.20108596971383,0.5264431180734774,0.9249933234016778,3573.0,0.1640697836142061,1828,7.5754699005041015,26.89750621938909,0.4479001206255515,0.0638722601750331,True,27621,321,0.011621592266753557,False,True,synthetic_generator,2026-09-05T18:14:30.458276,1.0.0,True
NH-019,Chennai West Zone 7,Chennai,13.04881123628802,80.23857807173839,2026-09-05,39.38473968780522,43.02865533754948,75.05226406748984,0.5264187928945783,28.625157673428024,53.03374255621429,0.4312634968234201,1.0746037824010952,1625.0,0.6224896111095188,1006,14.691086770909196,21.237333842875472,0.7425930285516003,0.16370405674999167,True,48112,3649,0.07584386431659461,True,False,synthetic_generator,2026-09-05T18:14:30.458276,1.0.0,True
NH-020,Chennai East Zone 9,Chennai,13.126362862225404,80.12062477376718,2026-09-05,40.033117539002355,43.20072257520484,63.222183140748044,0.8866593893417183,1.2290136168710275,96.93051359524925,0.8593696683043042,4.775278851728622,,0.6160940993109575,3088,54.04838302873924,18.968910439566393,0.48041012592493226,0.23107639528385276,,10975,425,0.0387243735763098,False,False,synthetic_generator,2026-09-05T18:14:30.458276,1.0.0,True
NH-021,Chennai Central Zone 9,Chennai,12.963818368507269,80.28923890857634,2026-09-05,40.39911475060082,42.566728214632874,79.31160355742136,0.8078424328062817,16.946464679022874,90.0935343375011,0.8108807805695176,3.5961350457876757,4266.0,0.8801818347797572,2607,48.13357582684321,18.52182950093882,0.4595326048417345,0.1591831540329978,False,76333,7417,0.09716636317189158,True,False,synthetic_generator,2026-09-05T18:14:30.458276,1.0.0,True
NH-022,Chennai North Zone 2,Chennai,13.11187266814695,80.11626975612837,2026-09-05,37.942230946011136,42.783976678162716,58.11963851964758,0.35514451415537474,44.75275701443901,39.25715937309867,0.23740683823345415,3.9971611216734657,3012.0,0.48179980832227864,2247,56.21425071395672,12.223949646123026,,0.2006756370517883,False,98740,1729,0.017510633988251974,False,False,synthetic_generator,2026-09-05T18:14:30.458276,1.0.0,True
NH-023,Chennai West Zone 5,Chennai,12.916890982704551,80.1237635832536,2026-09-05,38.90221147206261,42.02682321063372,45.17941007935447,0.37639206040511813,49.37658791716692,45.09965483316605,0.27880176229343845,0.5546951361041735,4864.0,0.13884392075551852,4846,7.716603187931353,20.554022181725998,0.4921588189796746,0.22371982563789206,False,35714,3453,0.09668477347818782,True,True,synthetic_generator,2026-09-05T18:14:30.458276,1.0.0,True
NH-024,Chennai North Zone 2,Chennai,13.108623336931993,80.11508690941795,2026-09-05,37.40567042740594,40.5582759215436,45.956275497854335,0.40804003074101436,54.859814794168734,43.74894254249573,0.31401947866092095,2.2753480937365844,980.0,0.40209405831726686,680,15.23754892742474,22.936967233374475,0.6578422181492118,0.23305086833382127,False,76339,1160,0.01519537850901898,False,False,synthetic_generator,2026-09-05T18:14:30.458276,1.0.0,True
NH-025,Chennai North Zone 8,Chennai,13.00810352856158,80.15198997257085,2026-09-05,37.40051094345601,,52.58780201268297,0.5946065504387401,39.89302593393298,62.25829011556346,0.46777802996704365,3.1152317953137185,4636.0,0.17447357803177554,2700,42.886196323398586,21.0317574508814,,0.06524007591983264,False,21986,1044,0.04748476303101974,False,True,synthetic_generator,2026-09-05T18:14:30.458276,1.0.0,True
NH-026,Chennai East Zone 5,Chennai,13.143165999234549,80.29745522586299,2026-09-05,38.246026476466135,42.76101259059955,75.42487212254736,0.3977709792172933,48.34028777122796,43.586006488039544,0.3252000920285813,4.3912506931477395,4158.0,0.9997459059575176,3677,65.72107548191228,21.10863411205255,0.32060921532120734,0.13296390046753304,False,52182,786,0.015062665286880534,False,False,synthetic_generator,2026-09-05T18:14:30.458276,1.0.0,True
NH-027,Chennai Central Zone 9,Chennai,13.013355164782736,80.14821696646592,2026-09-05,38.569162395462875,42.84015979197956,65.39735382825816,0.4332794635292412,51.64320485683991,46.075264323183205,0.26673393938763934,2.6429481355505637,4241.0,0.37699951579394453,2307,34.791392245467215,29.359475308796462,0.21190594121618328,0.10373449640506148,False,14220,779,0.05478199718706048,True,True,synthetic_generator,2026-09-05T18:14:30.458276,1.0.0,True
NH-028,Chennai Central Zone 1,Chennai,13.044013790105542,80.18410715573302,2026-09-05,38.13368538727516,43.07507356255229,86.97123741945853,0.8100343715638012,6.209335704135032,89.05388383157374,0.8329198198634532,3.768786646926027,2963.0,0.505819402674494,2257,53.157653199189376,15.95918903083901,0.7656208503573582,0.17732886432445655,True,64727,1177,0.01818406538229796,False,False,synthetic_generator,2026-09-05T18:14:30.458276,1.0.0,True
NH-029,Chennai North Zone 3,Chennai,12.944122044278712,80.2853175250323,2026-09-05,36.815335335462315,39.80159016632484,82.45905629126503,0.6198755905016997,32.84755318385086,66.57891661255259,0.5757140596780552,1.076206275309976,1183.0,0.2249444553844691,795,12.27816559699887,13.637601687982897,0.5112309131330101,0.09802912375563862,,67006,1447,0.021595081037519028,False,True,synthetic_generator,2026-09-05T18:14:30.458276,1.0.0,True
NH-030,Chennai South Zone 8,Chennai,13.054570816459263,80.29462206985401,2026-09-05,36.159489308200975,38.25490335265647,82.41471744640663,0.6912580071016241,26.39721797171118,77.34370707860691,0.6103204407323448,1.0793677923483975,1985.0,0.38942448821202613,1675,6.3929938248645986,19.62290788112586,0.38496769834740646,0.15688470074650462,False,59384,5373,0.09047891687996767,True,True,synthetic_generator,2026-09-05T18:14:30.458276,1.0.0,True
NH-031,Chennai North Zone 2,Chennai,13.176261720159543,80.11221559197097,2026-09-05,34.696007353907305,37.80742366228145,56.84474200940728,0.4799704712956824,35.878927274570536,55.47964403340482,0.37271913189338657,3.8636192216019043,665.0,0.3271932499096187,502,46.87920782546267,27.904136753743987,0.7210846365260728,0.1736509543060592,True,53607,2767,0.05161639338146137,True,True,synthetic_generator,2026-09-05T18:14:30.458276,1.0.0,True
NH-032,Chennai North Zone 1,Chennai,13.059785179936506,80.14849410072694,2026-09-05,34.69371234233056,37.6762043988643,63.86751255135847,0.4750081001170976,44.95350672619779,47.70152198948702,0.3256575343962213,4.051270573733023,2742.0,0.17822825927868133,2392,42.015992146954986,21.736822360417584,0.5749294030067678,0.228105456147979,False,20778,1477,0.07108480123207238,True,True,synthetic_generator,2026-09-05T18:14:30.458276,1.0.0,True
NH-033,Chennai East Zone 8,Chennai,13.013631787785387,80.16748936677438,2026-09-05,36.63640331211826,41.437478783397886,71.8176877419853,0.8847708081442578,1.0,90.92061236907233,0.8528926233333123,4.328678830262659,895.0,0.8252783980670291,470,24.052454963411165,26.846280705963633,0.2632044830198228,0.09506655954250565,False,10678,575,0.05384903539988762,True,False,synthetic_generator,2026-09-05T18:14:30.458276,1.0.0,True
NH-034,Chennai East Zone 1,Chennai,13.199176660430517,80.27932205259481,2026-09-05,36.96768959027374,41.13637788013907,66.63720254649795,0.6743989715736789,14.212190580921478,67.49289722134394,0.662041219223965,4.273621514161811,1422.0,0.9711946598538108,1234,51.75152566184303,13.990138546766396,0.7943902547436036,0.19369145416731076,True,83877,4436,0.05288696543748584,True,False,synthetic_generator,2026-09-05T18:14:30.458276,1.0.0,True
NH-035,Chennai East Zone 1,Chennai,12.986589165972077,80.21624764428452,2026-09-05,35.22063296394822,37.62387699476514,81.04364760098728,0.4003357649282315,50.34362147008049,45.35947081833901,0.235757255009473,1.6458829464369373,3566.0,0.7842050739007179,2517,18.032931186220942,19.431523771003167,0.5604548619509228,0.24799204647798906,False,15703,1301,0.0828504107495383,True,False,synthetic_generator,2026-09-05T18:14:30.458276,1.0.0,True
NH-036,Chennai South Zone 9,Chennai,13.123792357664614,80.18170365858718,2026-09-05,40.27792577238318,44.44271542463701,82.6320324487865,0.9064097436149705,1.0,92.69099246202941,0.858891700151983,4.0979170891378205,4213.0,0.26776448810932973,4018,30.148037785374044,22.675171274403546,0.5781939701360643,0.20630289635028298,False,14328,1111,0.07754048017867113,True,True,synthetic_generator,2026-09-05T18:14:30.458276,1.0.0,True
NH-037,Chennai East Zone 4,Chennai,13.01773353222679,80.26331988789431,2026-09-05,38.24196935276944,41.75013052304688,77.64151135621776,0.585437690570642,33.91734235443765,63.17056691376026,0.47378687329346325,4.579124499340462,3309.0,0.20520823663752769,2208,65.93170552175869,22.554161061428356,0.5366080735844697,0.2299149146549137,False,30899,1820,0.05890158257548788,True,True,synthetic_generator,2026-09-05T18:14:30.458276,1.0.0,True
NH-038,Chennai North Zone 8,Chennai,13.086021826778554,80.20669221839526,2026-09-05,36.13402537583616,40.36586425355419,38.99504564092643,0.8810301789831223,1.0,89.61976669563974,0.827166363053675,2.0393678692215835,,0.19956856325968653,2930,27.459115412031423,12.54977324663965,0.4804476110966648,0.16397793697426333,False,13017,1157,0.088883767381117,True,True,synthetic_generator,2026-09-05T18:14:30.458276,1.0.0,True
NH-039,Chennai South Zone 8,Chennai,12.968775418569793,80.24445051367861,2026-09-05,35.814865599706565,38.85195358021832,82.3274345366491,0.7680237487549483,10.374672466799225,83.74185932016583,0.7421277385924994,2.5790261163985972,4762.0,0.2380162628044722,3836,28.014151051825813,20.11777357768932,0.5800585834866755,0.2316901122667257,False,26343,1213,0.04604638803477205,False,True,synthetic_generator,2026-09-05T18:14:30.458276,1.0.0,True
