neighbourhood_id,healthcare_distance_km,healthcare_capacity,transport_access_score,estimated_people_reachable,travel_time_minutes,service_time_minutes
NH-000,4.2459918836018975,1455.0,0.26364247048639056,1109,29.017300020546127,16.084844859190753
NH-001,0.7927321684337578,4769.0,0.9690688297671034,2617,10.372086669453404,16.092275383467413
NH-002,2.5238936001639454,2278.0,0.9339929792144148,1788,30.975039360024528,16.530815376116706
NH-003,1.8206967862311716,563.0,0.27895816367992465,452,22.054864003964585,25.80351081062411
NH-004,4.320112209197378,,0.31238642777406017,3204,32.66299992148579,10.808671790768628
NH-005,4.136541708039877,3350.0,0.884314531168946,3170,53.926939197001566,13.731401177720716
NH-006,4.743093667606336,1954.0,0.5669115595690295,1926,57.06031605946085,17.27259204758588
NH-007,2.5150242405789123,2988.0,0.6334270514914542,1855,14.608601959476724,17.393089121228087
NH-008,1.5192309883907207,3403.0,0.2569297861044923,3295,18.093095169692187,17.734706926010748
NH-009,4.471863544352029,1349.0,0.3509842173329637,1252,53.67836420032748,26.933222844766117
NH-010,3.4338256677617025,1509.0,0.7409612992127823,1317,25.315848401804054,16.507993963185356
NH-011,3.096067480818616,2716.0,0.27571868901824004,1391,37.84794240919078,15.615447248817116
NH-012,1.3590996401765572,1708.0,0.5367518868486841,1574,11.860684070543295,17.893829336189444
NH-013,4.145510276056314,4401.0,0.9219164973008241,3957,41.92530307089461,20.030325893743992
NH-014,1.6261311223213881,674.0,0.3729389632059006,615,16.864320112770866,16.53302483592082
NH-015,1.6288723730599755,1329.0,0.1727856699554779,703,15.121058017416185,23.76999801530733
NH-016,1.0407409151253897,2038.0,0.1826191592320977,2017,6.183634876987667,16.228266187825884
NH-017,4.35420428534745,3464.0,0.24664098437328674,1777,24.843728850162783,22.84838556412631
NH-018,0.9249933234016778,3573.0,0.1640697836142061,1828,7.5754699005041015,26.89750621938909
NH-019,1.0746037824010952,1625.0,0.6224896111095188,1006,14.691086770909196,21.237333842875472
NH-020,4.775278851728622,,0.6160940993109575,3088,54.04838302873924,18.968910439566393
NH-021,3.5961350457876757,4266.0,0.8801818347797572,2607,48.13357582684321,18.52182950093882
NH-022,3.9971611216734657,3012.0,0.48179980832227864,2247,56.21425071395672,12.223949646123026
NH-023,0.5546951361041735,4864.0,0.13884392075551852,4846,7.716603187931353,20.554022181725998
NH-024,2.2753480937365844,980.0,0.40209405831726686,680,15.23754892742474,22.936967233374475
NH-025,3.1152317953137185,4636.0,0.17447357803177554,2700,42.886196323398586,21.0317574508814
NH-026,4.3912506931477395,4158.0,0.9997459059575176,3677,65.72107548191228,21.10863411205255
NH-027,2.6429481355505637,4241.0,0.37699951579394453,2307,34.791392245467215,29.359475308796462
NH-028,3.768786646926027,2963.0,0.505819402674494,2257,53.157653199189376,15.95918903083901
NH-029,1.076206275309976,1183.0,0.2249444553844691,795,12.27816559699887,13.637601687982897
NH-030,1.0793677923483975,1985.0,0.38942448821202613,1675,6.3929938248645986,19.62290788112586
NH-031,3.8636192216019043,665.0,0.3271932499096187,502,46.87920782546267,27.904136753743987
NH-032,4.051270573733023,2742.0,0.17822825927868133,2392,42.015992146954986,21.736822360417584
NH-033,4.328678830262659,895.0,0.8252783980670291,470,24.052454963411165,26.846280705963633
NH-034,4.273621514161811,1422.0,0.9711946598538108,1234,51.75152566184303,13.990138546766396
NH-035,1.6458829464369373,3566.0,0.7842050739007179,2517,18.032931186220942,19.431523771003167
NH-036,4.0979170891378205,4213.0,0.26776448810932973,4018,30.148037785374044,22.675171274403546
NH-037,4.579124499340462,3309.0,0.20520823663752769,2208,65.93170552175869,22.554161061428356
NH-038,2.0393678692215835,,0.19956856325968653,2930,27.459115412031423,12.54977324663965
NH-039,2.5790261163985972,4762.0,0.2380162628044722,3836,28.014151051825813,20.11777357768932
