neighbourhood_id,observation_date,temperature_c,heat_index,humidity_percent
NH-000,2026-09-05,34.675889859541435,39.274418296866244,47.47374841188251
NH-001,2026-09-05,34.66772475759384,38.210428072834674,44.461527961560705
NH-002,2026-09-05,39.05689853979143,42.33236616326516,87.67032146096095
NH-003,2026-09-05,35.60839475029396,38.497215267406204,69.06462153011667
NH-004,2026-09-05,37.77196295427448,41.54585631739766,31.885751141204054
NH-005,2026-09-05,38.42501967902946,41.11141417550433,83.7654779954096
NH-006,2026-09-05,33.38618635014393,36.91842825787663,44.812563770316075
NH-007,2026-09-05,35.65499159331851,37.75414379202016,52.06698796315519
NH-008,2026-09-05,35.063871696344904,37.186197121009194,70.54140702235685
NH-009,2026-09-05,39.84883360894037,43.39874128275341,76.79253275145743
NH-010,2026-09-05,33.82400524968069,37.81451055700486,80.95340462965068
NH-011,2026-09-05,38.92072912577945,42.10002229977973,32.616226305266025
NH-012,2026-09-05,35.42964449452676,39.08793939503323,64.2036702053619
NH-013,2026-09-05,39.27521671422854,43.36626393721434,34.256455019995656
NH-014,2026-09-05,38.661060252224985,41.64551825464918,57.435909696823714
NH-015,2026-09-05,39.51936131754548,43.663146630085336,56.541133783866265
NH-016,2026-09-05,37.19925666536025,40.506275361393925,58.45042974523951
NH-017,2026-09-05,37.5183705413354,41.42365149393833,64.52845067255274
NH-018,2026-09-05,39.56073651940194,44.276788445270135,45.641671694154184
NH-019,2026-09-05,39.38473968780522,43.02865533754948,75.05226406748984
NH-020,2026-09-05,40.033117539002355,43.20072257520484,63.222183140748044
NH-021,2026-09-05,40.39911475060082,42.566728214632874,79.31160355742136
NH-022,2026-09-05,37.942230946011136,42.783976678162716,58.11963851964758
NH-023,2026-09-05,38.90221147206261,42.02682321063372,45.17941007935447
NH-024,2026-09-05,37.40567042740594,40.5582759215436,45.956275497854335
NH-025,2026-09-05,37.40051094345601,,52.58780201268297
NH-026,2026-09-05,38.246026476466135,42.76101259059955,75.42487212254736
NH-027,2026-09-05,38.569162395462875,42.84015979197956,65.39735382825816
NH-028,2026-09-05,38.13368538727516,43.07507356255229,86.97123741945853
NH-029,2026-09-05,36.815335335462315,39.80159016632484,82.45905629126503
NH-030,2026-09-05,36.159489308200975,38.25490335265647,82.41471744640663
NH-031,2026-09-05,34.696007353907305,37.80742366228145,56.84474200940728
NH-032,2026-09-05,34.69371234233056,37.6762043988643,63.86751255135847
NH-033,2026-09-05,36.63640331211826,41.437478783397886,71.8176877419853
NH-034,2026-09-05,36.96768959027374,41.13637788013907,66.63720254649795
NH-035,2026-09-05,35.22063296394822,37.62387699476514,81.04364760098728
NH-036,2026-09-05,40.27792577238318,44.44271542463701,82.6320324487865
NH-037,2026-09-05,38.24196935276944,41.75013052304688,77.64151135621776
NH-038,2026-09-05,36.13402537583616,40.36586425355419,38.99504564092643
NH-039,2026-09-05,35.814865599706565,38.85195358021832,82.3274345366491
NH-000,2023-01-01,32.63805444897576,39.274418296866244,47.47374841188251
NH-001,2023-01-01,32.62988934702816,38.210428072834674,44.461527961560705
NH-002,2023-01-01,37.019063129225756,42.33236616326516,87.67032146096095
NH-003,2023-01-01,33.570559339728284,38.497215267406204,69.06462153011667
NH-004,2023-01-01,35.7341275437088,41.54585631739766,31.885751141204054
